,score,score,score,score,score,score,score,score
,count,mean,std,min,25%,50%,75%,max
metric,,,,,,,,
classic,5309.0,0.0036922342408812724,0.027284191579742448,0.0,7.601159375410181e-232,1.0749662678465409e-231,3.486671356306691e-155,0.668740304976422
one-gram,5309.0,0.0026654482539947857,0.025212915620010618,0.0,5.141890467449262e-06,0.00020085509638473684,0.0009698159744255936,1.0
sacrebleu,5309.0,2.297518298761911,3.309596736387403,0.0,0.8131425235899727,1.6397537370367077,2.8110523009185266,66.87403049764218
