,score,score,score,score,score,score,score,score
,count,mean,std,min,25%,50%,75%,max
metric,,,,,,,,
chrf,5309.0,33.32289187360336,18.822155371048773,0.0,18.057307780555558,31.395169496483256,45.85828811484483,100.0
sacrebleu,5309.0,14.274823043579019,15.427309720249722,0.0,4.007644588383992,8.449917822620138,19.716118825581447,100.00000000000004
